feature,composite_score,mutual_info,rf_importance
rolling_mean_28,0.997817234504943,1.0989901693416222,0.6248984131707637
lag_28,0.5584090832462587,1.017442604483377,0.12216700454631428
regular_price,0.5038407384939867,1.1037972294015264,0.005033190177919353
category_code,0.4801231373462328,0.8329518938879801,0.1289615187734282
rolling_std_7,0.3536968797827185,0.7760946169863576,0.0032493730780676078
same_dow_ratio_7_14,0.21374056881491665,0.46867516296960154,0.002693355406631563
momentum_ratio_7,0.1914055089784072,0.41681548606430496,0.004192037817174648
shelf_life_days,0.1709722959766073,0.37587726061480176,0.0018746896569634462
days_since_last_promo,0.06957783751094483,0.148623321276939,0.004044233399392328
stock_to_sales_ratio_lag1,0.0551124674227637,0.11819961579191407,0.0032213420376203125
day_of_week,0.04371059117854764,0.05867946678240088,0.022722390612086987
discount_percent,0.03489714637393471,0.022894372066008195,0.032000333185903077
is_weekend,0.02549461797554945,0.038920027991663275,0.011167506189426806
is_payday_window,0.017720056726473674,0.015622777957121858,0.014663204096504902
consecutive_promo_days,0.014034389770168567,0.01887389866470146,0.008215321665808817
day_of_month,0.0059052614731030205,0.008913789810012673,0.0037063746728187475
cyclical_dow_cos,0.00582851405735324,0.011040831663381212,0.002404536500035998
month,0.0047107563249229895,0.008672348957904141,0.002350931393735357
cyclical_month_cos,0.0020386938349372546,0.00475885511506835,0.0012314513601536564
was_out_of_stock_lag1,0.0013129493118487154,0.004918449913358547,0.00023427230960731808
cyclical_month_sin,0.000587712993735622,0.0020253059099348825,0.0009685199496429067
