sku_id,product_name,category,velocity_class,current_stock,predicted_7d_demand,lead_time_days,safety_stock,reorder_point,recommended_order_qty,status,capital_required_usd,rule_applied
SKU_FAST_004,Diet Cola 2L,Beverages,Fast,0,888.8,3,77,458,966,CRITICAL_STOCKOUT_RISK,1449.0,"Standard Continuous (s, S) Dynamic Safety Stock Rule"
SKU_FAST_007,Natural Mineral Water 1.5L,Beverages,Fast,248,897.5,2,59,316,709,CRITICAL_STOCKOUT_RISK,779.9,"Standard Continuous (s, S) Dynamic Safety Stock Rule"
SKU_FAST_003,Farm Fresh Eggs 12-Pack,Dairy,Fast,0,528.6,3,54,281,583,CRITICAL_STOCKOUT_RISK,2623.5,"Standard Continuous (s, S) Dynamic Safety Stock Rule"
SKU_FAST_002,Sliced White Bread 500g,Bakery,Fast,162,1004.9,2,60,348,412,CRITICAL_STOCKOUT_RISK,543.84,"Standard Continuous (s, S) Dynamic Safety Stock Rule [Capped by Perishability Shelf-Life]"
SKU_MED_005,Dark Chocolate Bar 100g,Snacks,Medium,0,304.5,3,43,174,348,CRITICAL_STOCKOUT_RISK,1009.2,"Standard Continuous (s, S) Dynamic Safety Stock Rule"
SKU_MED_008,Soft Toilet Paper 6-Mega Rolls,Household,Medium,1,298.1,3,50,178,348,CRITICAL_STOCKOUT_RISK,3097.2,"Standard Continuous (s, S) Dynamic Safety Stock Rule"
SKU_FAST_008,Plain Greek Yogurt 500g,Dairy,Fast,210,396.8,3,39,210,226,REORDER_RECOMMENDED,813.6,"Standard Continuous (s, S) Dynamic Safety Stock Rule"
SKU_SLOW_001,Organic White Truffle Oil 100ml,Gourmet,Slow,10,9.8,7,1,11,3,REORDER_RECOMMENDED,72.0,Intermittent / Croston-Poisson Min-Max Rule
SKU_FAST_001,Fresh Whole Milk 1L,Dairy,Fast,373,772.3,2,56,277,0,HEALTHY,0.0,"Standard Continuous (s, S) Dynamic Safety Stock Rule [Capped by Perishability Shelf-Life]"
SKU_FAST_005,Organic Bananas 1kg,Produce,Fast,374,795.2,2,48,276,0,HEALTHY,0.0,"Standard Continuous (s, S) Dynamic Safety Stock Rule [Capped by Perishability Shelf-Life]"
SKU_MED_001,Premium Ground Coffee 250g,Beverages,Medium,263,344.5,4,31,228,0,HEALTHY,0.0,"Standard Continuous (s, S) Dynamic Safety Stock Rule"
SKU_MED_002,Crunchy Breakfast Cereal 400g,Pantry,Medium,372,243.1,4,26,165,0,HEALTHY,0.0,"Standard Continuous (s, S) Dynamic Safety Stock Rule"
SKU_MED_003,Extra Virgin Olive Oil 750ml,Pantry,Medium,269,166.0,5,25,144,0,HEALTHY,0.0,"Standard Continuous (s, S) Dynamic Safety Stock Rule"
SKU_MED_004,Concentrated Laundry Detergent 1.5L,Household,Medium,383,221.8,4,51,178,0,HEALTHY,0.0,"Standard Continuous (s, S) Dynamic Safety Stock Rule"
SKU_MED_006,Italian Penne Pasta 500g,Pantry,Medium,323,311.2,4,40,218,0,HEALTHY,0.0,"Standard Continuous (s, S) Dynamic Safety Stock Rule"
SKU_NEW_001,Matcha Sparkling Green Tea 330ml,Beverages,New,353,246.5,3,37,157,0,HEALTHY,0.0,Cold-Start Category-Analog Rule (1.5x Launch Buffer)
SKU_NEW_003,Barista Oat Milk 1L,Dairy,New,98,398.6,2,22,80,0,HEALTHY,0.0,Cold-Start Category-Analog Rule (1.5x Launch Buffer)
SKU_FAST_006,Salted Potato Chips 200g,Snacks,Fast,1080,450.9,4,69,327,0,OVERSTOCKED,0.0,"Standard Continuous (s, S) Dynamic Safety Stock Rule"
SKU_MED_007,All-in-1 Dishwasher Pods 30ct,Household,Medium,617,166.3,5,38,157,0,OVERSTOCKED,0.0,"Standard Continuous (s, S) Dynamic Safety Stock Rule"
SKU_NEW_002,Keto Almond Crunch Bar 50g,Snacks,New,245,236.0,3,13,54,0,OVERSTOCKED,0.0,Cold-Start Category-Analog Rule (1.5x Launch Buffer)
SKU_SLOW_002,Pure Spanish Saffron Strands 1g,Gourmet,Slow,56,9.1,7,1,11,0,OVERSTOCKED,0.0,Intermittent / Croston-Poisson Min-Max Rule
SKU_SLOW_003,Traditional Dijon Mustard 200g,Gourmet,Slow,49,18.8,5,1,15,0,OVERSTOCKED,0.0,Intermittent / Croston-Poisson Min-Max Rule
SKU_SLOW_004,Madagascar Bourbon Vanilla Bean 2ct,Gourmet,Slow,48,5.6,7,1,7,0,OVERSTOCKED,0.0,Intermittent / Croston-Poisson Min-Max Rule
SKU_SLOW_005,Himalayan Pink Salt Grinder 250g,Gourmet,Slow,74,21.3,5,1,17,0,OVERSTOCKED,0.0,Intermittent / Croston-Poisson Min-Max Rule
SKU_SLOW_006,Aged Balsamic Vinegar 250ml,Gourmet,Slow,53,8.5,6,1,9,0,OVERSTOCKED,0.0,Intermittent / Croston-Poisson Min-Max Rule
